{
    "mean": [
        10058.510350792365,
        12160238.432630712,
        11.37581411866121,
        13.085838714650723,
        683.9211525032493,
        20444.06097590662,
        247.94315047275563,
        22.7972355883396,
        70.06155373962218,
        80.83039718976453,
        426.8940028839311,
        51.631002879635254,
        171.1235714261049,
        133.58807343803795,
        1675795.0940971381,
        53557.47818857918,
        971953.7866098479,
        1711436.4198121747,
        4839891.762079981,
        145945.06290807363,
        11811989.805539897,
        2047821.813761474,
        1354729.9774942817,
        4674451.737853433,
        1222907.5137592915,
        11027263.119186256,
        1933651.8375655576,
        1077122.1688367296,
        4065267.2546966504,
        1214565.9812950196,
        0.05660514248538345,
        0.0,
        3.818511859104549e-05,
        0.0,
        -35162.73975839321,
        -3099.342941982008,
        47421.016161601874,
        6234.305273984841,
        20.02608139062565,
        532.4732945213424,
        115.89230088162054,
        159.34610920682618,
        125594.51577536095,
        0.010488497448995422,
        0.05660514248538345,
        0.0003274373919182151,
        0.26785476481069487,
        0.29019544575636846,
        0.1210076861870584,
        3.818511859104549e-05,
        0.0003288693338653793,
        0.7140664907923746,
        131.19434694121975,
        70.06155373962218,
        171.12357142611776,
        -35162.73975839321,
        0.0,
        0.0,
        0.0,
        0.0,
        0.0,
        0.0,
        11.37581411866121,
        683.9069944159037,
        13.085838714650723,
        20443.601477668628,
        7284.138553748179,
        2603.0853069868745,
        6.811943064078925,
        -3713.861405202818,
        82889.06548233851,
        50425.75799216688,
        176038.02893668288,
        55196.95339124425,
        4063105.874831808,
        282497.4373764939,
        4271376.528073938,
        3812685.3081095167
    ],
    "scale": [
        20325.101591319082,
        31183818.18161351,
        871.351604472923,
        1159.3112839292678,
        11075.160750203557,
        2630521.677989427,
        821.8753740614193,
        65.47777106736176,
        212.19096268922902,
        323.4512415195431,
        839.3728130718849,
        74.61660806132247,
        292.61911086187894,
        284.2808662175815,
        29086191.10287497,
        218537.09663686194,
        4186261.327925502,
        6093486.341431618,
        15021047.234997636,
        2650770.1578017715,
        31057567.745861005,
        9619287.435303085,
        4839840.2407514285,
        15114448.217585957,
        9310727.257496871,
        30228636.610313036,
        9574738.746347576,
        4323262.705506812,
        14310466.705588456,
        9278628.097070098,
        0.23108656458044652,
        1.0,
        0.006179292879267311,
        1.0,
        24471645.00739668,
        1688033.7482394357,
        210358.92428449824,
        37756.602298142345,
        26.665169634494323,
        1110.331311465999,
        192.925594806094,
        316.5522549868227,
        602413.7713339188,
        0.10187486868829738,
        0.23108656458044652,
        0.018092268422522064,
        0.44284149509604703,
        0.4538524529168385,
        0.32613620784989944,
        0.006179292879267311,
        0.018131772633325792,
        0.7097805211110849,
        202.96002878587848,
        212.19096268922902,
        292.61911086193925,
        24471645.00739668,
        1.0,
        1.0,
        1.0,
        1.0,
        1.0,
        1.0,
        871.351604472923,
        11058.677421479944,
        1159.3112839292678,
        2630485.91306867,
        15178.41061388548,
        9675.374890270583,
        739.7356440641888,
        1261180.4065408567,
        664515.8966642199,
        424489.362630387,
        1117929.2070438664,
        581368.4139153045,
        14004369.666600468,
        3097454.8521328224,
        14647266.315593775,
        13704830.401323963
    ],
    "columns": [
        "dst_port",
        "flow_duration",
        "tot_fwd_pkts",
        "tot_bwd_pkts",
        "totlen_fwd_pkts",
        "totlen_bwd_pkts",
        "fwd_pkt_len_max",
        "fwd_pkt_len_min",
        "fwd_pkt_len_mean",
        "fwd_pkt_len_std",
        "bwd_pkt_len_max",
        "bwd_pkt_len_min",
        "bwd_pkt_len_mean",
        "bwd_pkt_len_std",
        "flow_byts_per_s",
        "flow_pkts_per_s",
        "flow_iat_mean",
        "flow_iat_std",
        "flow_iat_max",
        "flow_iat_min",
        "fwd_iat_tot",
        "fwd_iat_mean",
        "fwd_iat_std",
        "fwd_iat_max",
        "fwd_iat_min",
        "bwd_iat_tot",
        "bwd_iat_mean",
        "bwd_iat_std",
        "bwd_iat_max",
        "bwd_iat_min",
        "fwd_psh_flags",
        "bwd_psh_flags",
        "fwd_urg_flags",
        "bwd_urg_flags",
        "fwd_header_len",
        "bwd_header_len",
        "fwd_pkts_per_s",
        "bwd_pkts_per_s",
        "pkt_len_min",
        "pkt_len_max",
        "pkt_len_mean",
        "pkt_len_std",
        "pkt_len_var",
        "fin_flag_cnt",
        "syn_flag_cnt",
        "rst_flag_cnt",
        "psh_flag_cnt",
        "ack_flag_cnt",
        "urg_flag_cnt",
        "cwe_flag_count",
        "ece_flag_cnt",
        "down_up_ratio",
        "pkt_size_avg",
        "fwd_seg_size_avg",
        "bwd_seg_size_avg",
        "fwd_header_len_1",
        "fwd_byts_b_avg",
        "fwd_pkts_b_avg",
        "fwd_blk_rate_avg",
        "bwd_byts_b_avg",
        "bwd_pkts_b_avg",
        "bwd_blk_rate_avg",
        "subflow_fwd_pkts",
        "subflow_fwd_byts",
        "subflow_bwd_pkts",
        "subflow_bwd_byts",
        "init_fwd_win_byts",
        "init_bwd_win_byts",
        "fwd_act_data_pkts",
        "fwd_seg_size_min",
        "active_mean",
        "active_std",
        "active_max",
        "active_min",
        "idle_mean",
        "idle_std",
        "idle_max",
        "idle_min"
    ]
}