{
    "mean": [
        37360.739619718515,
        9733.87964573316,
        13626561.770998057,
        11.807389328149892,
        18.592870818292095,
        3354.5463513730765,
        41281.76547359806,
        425.8698683191325,
        22.29779460123058,
        152.9188269358534,
        161.69247728394595,
        1598.403358519796,
        25.996653172178945,
        329.73345762319025,
        382.55014747410223,
        333105.1996710004,
        10563.627632277277,
        539962.1704111935,
        1403703.8483417553,
        5429318.676234599,
        37466.95770428072,
        13078015.098081054,
        1154767.7626623495,
        1889199.148970574,
        5184296.083056867,
        92596.89103079373,
        12653621.368107215,
        866970.672066099,
        1669562.9425512706,
        5101796.040541923,
        34934.24611607208,
        0.11111760665273374,
        228.19426216330766,
        361.3444601961329,
        5133.396193334298,
        5431.650160308654,
        21.18492319833974,
        1829.1275009865103,
        253.77550787299208,
        412.08608750996046,
        1133772.9550945878,
        0.03544129897841369,
        0.19725823188109262,
        0.0006430586206392587,
        0.11111760665273374,
        0.3009514344591731,
        1.6331496718939538,
        283.1237075662472,
        152.9188269358534,
        329.7334576232196,
        11.807389328149892,
        3354.6672025488506,
        18.592870818292095,
        41292.83815383716,
        28244.138418368093,
        3.891323093111965,
        188772.4235941861,
        143404.6076665066,
        398077.66280344327,
        85636.09210353244,
        4508835.496090437,
        604127.2176055092,
        5067039.76024144,
        3975073.0562968594
    ],
    "scale": [
        20305.706935402606,
        19352.273607243358,
        33601029.43103816,
        112.71217430602195,
        235.9498181209928,
        156099.75407615918,
        768010.7451676227,
        1425.3995178342595,
        67.2281594300984,
        577.4965986079129,
        718.4561234078515,
        6227.548504366805,
        41.48571439990359,
        721.7916578132617,
        1039.3749105978156,
        1452917.9167100522,
        123722.22709139276,
        1880599.1500501889,
        4114638.521292288,
        14501336.084800921,
        959403.393739091,
        33339537.999384597,
        4071297.486387536,
        6005935.645961434,
        14376485.442560824,
        1526305.3514755364,
        32658202.551257294,
        2914848.1649248465,
        5186959.57002807,
        14225915.900703913,
        940891.7417930783,
        0.3142777181801186,
        2548.4492020838056,
        4865.508515346237,
        61687.10839641864,
        62121.25825466222,
        26.733498907809313,
        6317.54284103441,
        484.962537503985,
        981.8015757335455,
        12295076.949782902,
        0.18489243712260484,
        0.39792891555683374,
        0.025350445681480243,
        0.3142777181801186,
        0.4586716347847763,
        1.2151740845187993,
        510.1245097771589,
        577.4965986079129,
        721.7916578134158,
        112.71217430602195,
        156057.33436885983,
        235.9498181209928,
        769025.0080826319,
        31715.25571643619,
        57.08233804129708,
        1373001.2199328556,
        1105628.5921715035,
        2467807.668774782,
        1027434.8710139912,
        13146292.471084151,
        3486206.145327868,
        14481051.516153913,
        12463142.350211715
    ],
    "columns": [
        "src_port",
        "dst_port",
        "flow_duration",
        "tot_fwd_pkts",
        "tot_bwd_pkts",
        "totlen_fwd_pkts",
        "totlen_bwd_pkts",
        "fwd_pkt_len_max",
        "fwd_pkt_len_min",
        "fwd_pkt_len_mean",
        "fwd_pkt_len_std",
        "bwd_pkt_len_max",
        "bwd_pkt_len_min",
        "bwd_pkt_len_mean",
        "bwd_pkt_len_std",
        "flow_byts/s",
        "flow_pkts/s",
        "flow_iat_mean",
        "flow_iat_std",
        "flow_iat_max",
        "flow_iat_min",
        "fwd_iat_tot",
        "fwd_iat_mean",
        "fwd_iat_std",
        "fwd_iat_max",
        "fwd_iat_min",
        "bwd_iat_tot",
        "bwd_iat_mean",
        "bwd_iat_std",
        "bwd_iat_max",
        "bwd_iat_min",
        "bwd_psh_flags",
        "fwd_header_len",
        "bwd_header_len",
        "fwd_pkts/s",
        "bwd_pkts/s",
        "pkt_len_min",
        "pkt_len_max",
        "pkt_len_mean",
        "pkt_len_std",
        "pkt_len_var",
        "fin_flag_cnt",
        "syn_flag_cnt",
        "rst_flag_cnt",
        "psh_flag_cnt",
        "ack_flag_cnt",
        "down/up_ratio",
        "pkt_size_avg",
        "fwd_seg_size_avg",
        "bwd_seg_size_avg",
        "subflow_fwd_pkts",
        "subflow_fwd_byts",
        "subflow_bwd_pkts",
        "subflow_bwd_byts",
        "init_bwd_win_byts",
        "fwd_act_data_pkts",
        "active_mean",
        "active_std",
        "active_max",
        "active_min",
        "idle_mean",
        "idle_std",
        "idle_max",
        "idle_min"
    ]
}