{
    "mean": [
        37359.33630491334,
        9733.687574898431,
        13625979.103191769,
        11.807061643235027,
        18.592099494344254,
        3354.4076959050653,
        41279.957077718995,
        425.8538274924736,
        22.298336889486453,
        152.91438286760234,
        161.68602945985288,
        1598.3347996375646,
        25.997033291438928,
        329.7205210146954,
        382.53337533423695,
        333091.2685887147,
        10563.17636268895,
        539940.6610609915,
        1403647.8766578939,
        5429095.293046502,
        37465.33086838336,
        13077456.317130916,
        1154719.610469401,
        1889122.246500828,
        5184083.2967439275,
        92592.86320989097,
        12653066.595592318,
        866932.6614850889,
        1669489.743930459,
        5101572.362581475,
        34932.7144944904,
        0.11111273492532078,
        228.1857773361003,
        361.3289685207377,
        5133.180048212728,
        5431.414973640915,
        21.185514278198347,
        1829.04993715839,
        253.7663457632148,
        412.06862877573445,
        1133723.259767296,
        0.03543974512612165,
        0.19724958349165522,
        0.0006430304270306609,
        0.11111273492532078,
        0.3009382398503493,
        1.6330780697395726,
        283.11369863509975,
        152.91438286760234,
        329.7205210147247,
        11.807061643235027,
        3354.5285417823634,
        18.592099494344254,
        41291.02927249876,
        28242.90006722591,
        3.8913424721597054,
        188764.14724790282,
        143398.32038063573,
        398060.20989097713,
        85632.33756174553,
        4508637.815289451,
        604100.7308657784,
        5066817.60610002,
        3974898.7772338
    ],
    "scale": [
        20306.367762280886,
        19351.871111457614,
        33600408.203197,
        112.70971501578641,
        235.94467444735224,
        156096.33350370242,
        767993.9576019667,
        1425.370337105809,
        67.22674280361781,
        577.484339420454,
        718.4410367813032,
        6227.420593163968,
        41.48485642316719,
        721.778479730102,
        1039.3552121865096,
        1452887.5912772089,
        123719.5336628942,
        1880560.77903642,
        4114557.16458168,
        14501057.753663145,
        959382.3934181109,
        33338914.08387029,
        4071214.762922264,
        6005815.345114825,
        14376206.528865954,
        1526272.013447018,
        32657594.099367715,
        2914789.9190665176,
        5186857.643094209,
        14225644.151516866,
        940871.1442494332,
        0.3142716898843041,
        2548.39365977963,
        4865.402417480226,
        61685.76475190626,
        62119.90660405467,
        26.733080123286147,
        6317.415211340754,
        484.95388664214863,
        981.7835955656544,
        12294809.711057516,
        0.18488853288269982,
        0.3979223357692098,
        0.02534989031338348,
        0.3142716898843041,
        0.45866590852833494,
        1.2151955591334216,
        510.11557820173664,
        577.484339420454,
        721.7784797302561,
        112.70971501578641,
        156053.9147268057,
        235.94467444735224,
        769008.198244571,
        31715.111874835195,
        57.08108813808223,
        1372971.6903081946,
        1105604.7626121861,
        2467754.977774028,
        1027412.5043279692,
        13146038.180475354,
        3486132.0165528683,
        14480772.932303928,
        12462896.928734174
    ],
    "columns": [
        "src_port",
        "dst_port",
        "flow_duration",
        "tot_fwd_pkts",
        "tot_bwd_pkts",
        "totlen_fwd_pkts",
        "totlen_bwd_pkts",
        "fwd_pkt_len_max",
        "fwd_pkt_len_min",
        "fwd_pkt_len_mean",
        "fwd_pkt_len_std",
        "bwd_pkt_len_max",
        "bwd_pkt_len_min",
        "bwd_pkt_len_mean",
        "bwd_pkt_len_std",
        "flow_byts/s",
        "flow_pkts/s",
        "flow_iat_mean",
        "flow_iat_std",
        "flow_iat_max",
        "flow_iat_min",
        "fwd_iat_tot",
        "fwd_iat_mean",
        "fwd_iat_std",
        "fwd_iat_max",
        "fwd_iat_min",
        "bwd_iat_tot",
        "bwd_iat_mean",
        "bwd_iat_std",
        "bwd_iat_max",
        "bwd_iat_min",
        "bwd_psh_flags",
        "fwd_header_len",
        "bwd_header_len",
        "fwd_pkts/s",
        "bwd_pkts/s",
        "pkt_len_min",
        "pkt_len_max",
        "pkt_len_mean",
        "pkt_len_std",
        "pkt_len_var",
        "fin_flag_cnt",
        "syn_flag_cnt",
        "rst_flag_cnt",
        "psh_flag_cnt",
        "ack_flag_cnt",
        "down/up_ratio",
        "pkt_size_avg",
        "fwd_seg_size_avg",
        "bwd_seg_size_avg",
        "subflow_fwd_pkts",
        "subflow_fwd_byts",
        "subflow_bwd_pkts",
        "subflow_bwd_byts",
        "init_bwd_win_byts",
        "fwd_act_data_pkts",
        "active_mean",
        "active_std",
        "active_max",
        "active_min",
        "idle_mean",
        "idle_std",
        "idle_max",
        "idle_min"
    ]
}