{
    "mean": [
        24358296.50846612,
        8.28545630793025,
        8.862944245368302,
        453.7935085445416,
        14009.902684804983,
        200.32105475259496,
        13.174759565638853,
        51.920462116473935,
        70.80907484224635,
        1931.4219097513424,
        28.828022175508917,
        637.3899027262772,
        800.8006500252102,
        950523.4570884524,
        36605.19473663053,
        2277068.3222050574,
        6013997.865713263,
        19841232.734824043,
        216375.29581105072,
        24038109.996260878,
        4448706.948571802,
        7702734.65529751,
        19699170.30973283,
        995525.164341651,
        11293193.57303541,
        2204503.5738913096,
        2706495.87011219,
        7367477.950298977,
        870271.3226754381,
        0.03528585276594818,
        0.0,
        1.8515896441680373e-05,
        0.0,
        -1326.5947044536176,
        -1044.490937013277,
        29633.086967476876,
        7029.456778769518,
        11.434663936479584,
        1990.3378432248157,
        321.46906125081676,
        628.5543044633557,
        1278997.9965374197,
        0.06981037543702961,
        0.03528585276594818,
        0.00017426726062757996,
        0.34440656551904414,
        0.3506932569461841,
        0.06729221352096108,
        1.8515896441680373e-05,
        0.00017535643100650235,
        0.6780641085685034,
        354.644718646975,
        51.920462116473935,
        637.3899027262827,
        -1326.5947044536176,
        0.0,
        0.0,
        0.0,
        0.0,
        0.0,
        0.0,
        8.28545630793025,
        453.7935085445416,
        8.862944245368302,
        14009.748179451712,
        7108.115238582772,
        1532.6792861577337,
        4.134747802598761,
        -832.942859943581,
        107082.19603991442,
        39214.361796979756,
        166595.71562632744,
        83557.26165031096,
        18570723.854910567,
        1061589.733118652,
        19378934.413530763,
        17785607.584777754
    ],
    "scale": [
        40284444.441638656,
        625.9149341963049,
        839.8449209664361,
        4440.067993713017,
        1855338.9213113615,
        616.9029391158149,
        51.8662794970052,
        160.11937885395164,
        242.7610273942087,
        2956.111910206521,
        61.41252397138862,
        900.4480955105154,
        1306.715898805076,
        21527590.894497827,
        171717.9034520101,
        5366160.442144355,
        10952966.282382885,
        35720036.68598498,
        3589319.1288435245,
        40289639.78692558,
        10541105.741765296,
        14696334.721318489,
        35806744.77435649,
        8651887.743056217,
        30336972.288508855,
        9102363.382890109,
        9303187.523705559,
        23168119.056293406,
        7922084.456499265,
        0.18450138579568448,
        1.0,
        0.004302970323306836,
        1.0,
        1140999.976504163,
        1124131.7975118929,
        159198.3889636755,
        39093.4264305547,
        22.52286383382174,
        2974.5324927646916,
        431.6326422708719,
        940.2113690603303,
        2605919.108323948,
        0.25482717068313293,
        0.18450138579568448,
        0.013199882255135967,
        0.47517437130638734,
        0.4771870665458796,
        0.2505273867672165,
        0.004302970323306836,
        0.013241060423115928,
        0.6656069329766232,
        473.17244906493477,
        160.11937885395164,
        900.4480955105208,
        1140999.976504163,
        1.0,
        1.0,
        1.0,
        1.0,
        1.0,
        1.0,
        625.9149341963049,
        4440.067993713017,
        839.8449209664361,
        1855344.8772137468,
        13478.36037707621,
        7343.545801069731,
        450.54016099048437,
        580451.2428140871,
        706265.6267099706,
        395166.6242832638,
        1018865.5672766091,
        642933.384811801,
        34930183.6063495,
        6941446.603456671,
        35824255.491768114,
        34757386.16563399
    ],
    "columns": [
        "flow_duration",
        "tot_fwd_pkts",
        "tot_bwd_pkts",
        "totlen_fwd_pkts",
        "totlen_bwd_pkts",
        "fwd_pkt_len_max",
        "fwd_pkt_len_min",
        "fwd_pkt_len_mean",
        "fwd_pkt_len_std",
        "bwd_pkt_len_max",
        "bwd_pkt_len_min",
        "bwd_pkt_len_mean",
        "bwd_pkt_len_std",
        "flow_byts_per_s",
        "flow_pkts_per_s",
        "flow_iat_mean",
        "flow_iat_std",
        "flow_iat_max",
        "flow_iat_min",
        "fwd_iat_tot",
        "fwd_iat_mean",
        "fwd_iat_std",
        "fwd_iat_max",
        "fwd_iat_min",
        "bwd_iat_tot",
        "bwd_iat_mean",
        "bwd_iat_std",
        "bwd_iat_max",
        "bwd_iat_min",
        "fwd_psh_flags",
        "bwd_psh_flags",
        "fwd_urg_flags",
        "bwd_urg_flags",
        "fwd_header_len",
        "bwd_header_len",
        "fwd_pkts_per_s",
        "bwd_pkts_per_s",
        "pkt_len_min",
        "pkt_len_max",
        "pkt_len_mean",
        "pkt_len_std",
        "pkt_len_var",
        "fin_flag_cnt",
        "syn_flag_cnt",
        "rst_flag_cnt",
        "psh_flag_cnt",
        "ack_flag_cnt",
        "urg_flag_cnt",
        "cwe_flag_count",
        "ece_flag_cnt",
        "down_up_ratio",
        "pkt_size_avg",
        "fwd_seg_size_avg",
        "bwd_seg_size_avg",
        "fwd_header_len_1",
        "fwd_byts_b_avg",
        "fwd_pkts_b_avg",
        "fwd_blk_rate_avg",
        "bwd_byts_b_avg",
        "bwd_pkts_b_avg",
        "bwd_blk_rate_avg",
        "subflow_fwd_pkts",
        "subflow_fwd_byts",
        "subflow_bwd_pkts",
        "subflow_bwd_byts",
        "init_fwd_win_byts",
        "init_bwd_win_byts",
        "fwd_act_data_pkts",
        "fwd_seg_size_min",
        "active_mean",
        "active_std",
        "active_max",
        "active_min",
        "idle_mean",
        "idle_std",
        "idle_max",
        "idle_min"
    ]
}