{
    "mean": [
        6347.609457507237,
        24224472.724274896,
        8.383095602639475,
        8.969239978519417,
        481.3240931531183,
        14003.044389602446,
        201.84196104321293,
        13.074930279949907,
        52.09934338041939,
        71.0120154239307,
        1919.7238545760233,
        28.60687184152776,
        632.7995955816086,
        795.3098640729003,
        943582.8509749545,
        36423.356674498886,
        2263641.411554611,
        5975163.286123021,
        19704758.326137483,
        214656.64155736385,
        23899649.709493488,
        4420923.498556448,
        7652536.714335124,
        19563424.39711417,
        987947.5343457012,
        11252323.79058485,
        2188954.0563388527,
        2688224.484898076,
        7319292.118410091,
        863620.7400817083,
        0.03504209135298497,
        0.0,
        1.8368707502104297e-05,
        0.0,
        -1311.2138020307145,
        -1030.9495303553697,
        29453.17230623125,
        7027.077491775883,
        11.348615377633614,
        1978.9738829394687,
        319.3906520330182,
        624.4887851197666,
        1269488.5848878373,
        0.06925542984396323,
        0.03504209135298497,
        0.0001728819529609816,
        0.3483884700703522,
        0.3491351040047024,
        0.06788317934233544,
        1.8368707502104297e-05,
        0.00017396246516698775,
        0.677712382777932,
        352.318562674027,
        52.09934338041939,
        632.7995955816141,
        -1311.2138020307145,
        0.0,
        0.0,
        0.0,
        0.0,
        0.0,
        0.0,
        8.383095602639475,
        481.3240931531183,
        8.969239978519417,
        14002.891112462952,
        7220.466250741501,
        1580.7015690117744,
        4.199783465353916,
        -826.0885739075751,
        106388.75590297474,
        38968.81011046247,
        165487.51895920743,
        83003.250122368,
        18424161.70960969,
        1053507.3382474643,
        19226263.682273224,
        17645039.556478914
    ],
    "scale": [
        16261.634328714126,
        40161304.855069675,
        623.5821732326303,
        836.5955370171571,
        6864.699618122919,
        1848130.2725489691,
        624.2805653407746,
        51.67201760453852,
        161.9874877533781,
        243.28734830830166,
        2948.035200305033,
        61.2181404526609,
        898.484257682873,
        1303.0331770913087,
        21442032.63455968,
        171186.83933948167,
        5347380.775230193,
        10918727.851864476,
        35612428.38162589,
        3575075.895855797,
        40167266.82107993,
        10504310.891445471,
        14649281.708472054,
        35697911.363228746,
        8618054.675976997,
        30233564.268269524,
        9067864.998805696,
        9268834.234448692,
        23084785.679551862,
        7890891.714858677,
        0.18388622348233166,
        1.0,
        0.004285833652008557,
        1.0,
        1136455.9078341983,
        1119654.8877225951,
        158617.53351191865,
        39088.863903870224,
        22.454332372523563,
        2967.9895997517647,
        430.7198268851277,
        937.8601001984389,
        2598673.400019962,
        0.2538879975128622,
        0.18388622348233166,
        0.01314732158241069,
        0.4764598031234025,
        0.4766967412898142,
        0.25154533051661243,
        0.004285833652008557,
        0.013188335839964826,
        0.6643756233210456,
        472.17159029174474,
        161.9874877533781,
        898.4842576828785,
        1136455.9078341983,
        1.0,
        1.0,
        1.0,
        1.0,
        1.0,
        1.0,
        623.5821732326303,
        6864.699618122919,
        836.5955370171571,
        1848136.2041517436,
        13523.95535755111,
        7416.743138283057,
        448.87225102127525,
        578139.545853291,
        705588.3660284397,
        394883.6885783741,
        1017584.2369094521,
        641761.0551532571,
        34830402.45609145,
        6915077.9408106515,
        35723497.15135635,
        34655224.2320049
    ],
    "columns": [
        "dst_port",
        "flow_duration",
        "tot_fwd_pkts",
        "tot_bwd_pkts",
        "totlen_fwd_pkts",
        "totlen_bwd_pkts",
        "fwd_pkt_len_max",
        "fwd_pkt_len_min",
        "fwd_pkt_len_mean",
        "fwd_pkt_len_std",
        "bwd_pkt_len_max",
        "bwd_pkt_len_min",
        "bwd_pkt_len_mean",
        "bwd_pkt_len_std",
        "flow_byts_per_s",
        "flow_pkts_per_s",
        "flow_iat_mean",
        "flow_iat_std",
        "flow_iat_max",
        "flow_iat_min",
        "fwd_iat_tot",
        "fwd_iat_mean",
        "fwd_iat_std",
        "fwd_iat_max",
        "fwd_iat_min",
        "bwd_iat_tot",
        "bwd_iat_mean",
        "bwd_iat_std",
        "bwd_iat_max",
        "bwd_iat_min",
        "fwd_psh_flags",
        "bwd_psh_flags",
        "fwd_urg_flags",
        "bwd_urg_flags",
        "fwd_header_len",
        "bwd_header_len",
        "fwd_pkts_per_s",
        "bwd_pkts_per_s",
        "pkt_len_min",
        "pkt_len_max",
        "pkt_len_mean",
        "pkt_len_std",
        "pkt_len_var",
        "fin_flag_cnt",
        "syn_flag_cnt",
        "rst_flag_cnt",
        "psh_flag_cnt",
        "ack_flag_cnt",
        "urg_flag_cnt",
        "cwe_flag_count",
        "ece_flag_cnt",
        "down_up_ratio",
        "pkt_size_avg",
        "fwd_seg_size_avg",
        "bwd_seg_size_avg",
        "fwd_header_len_1",
        "fwd_byts_b_avg",
        "fwd_pkts_b_avg",
        "fwd_blk_rate_avg",
        "bwd_byts_b_avg",
        "bwd_pkts_b_avg",
        "bwd_blk_rate_avg",
        "subflow_fwd_pkts",
        "subflow_fwd_byts",
        "subflow_bwd_pkts",
        "subflow_bwd_byts",
        "init_fwd_win_byts",
        "init_bwd_win_byts",
        "fwd_act_data_pkts",
        "fwd_seg_size_min",
        "active_mean",
        "active_std",
        "active_max",
        "active_min",
        "idle_mean",
        "idle_std",
        "idle_max",
        "idle_min"
    ]
}