{
    "mean": [
        6352.47075858027,
        24234164.651487347,
        8.320928406831126,
        8.918780622578444,
        466.0330353483634,
        13923.984824285468,
        201.88456768029135,
        13.084915443565786,
        52.1213167008414,
        71.0451773470926,
        1920.9441935103653,
        28.628962754942595,
        633.2014281903345,
        795.868737315415,
        944315.8506068557,
        36450.21010551381,
        2264130.2788410103,
        5977474.076683862,
        19714911.55925222,
        214823.35859843614,
        23909324.685227737,
        4422446.812747591,
        7655717.070215019,
        19573649.392910864,
        988650.320705648,
        11255565.401132394,
        2190534.707334238,
        2689969.1459072786,
        7323433.715328294,
        864293.0429989392,
        0.03504774716225817,
        0.0,
        1.83830089092712e-05,
        0.0,
        -1314.0508733551262,
        -1033.2084341244877,
        29474.973616206596,
        7032.173908350279,
        11.357256476496241,
        1980.2024531584714,
        319.5933692236451,
        624.9055430253892,
        1270375.4116443028,
        0.06930935035527869,
        0.03504774716225817,
        0.00017301655444019952,
        0.3479589994020115,
        0.3493290742424849,
        0.06791872979896557,
        1.83830089092712e-05,
        0.00017409790790545078,
        0.6781902900946941,
        352.54597932849356,
        52.1213167008414,
        633.2014281903398,
        -1314.0508733551262,
        0.0,
        0.0,
        0.0,
        0.0,
        0.0,
        0.0,
        8.320928406831126,
        466.0330353483634,
        8.918780622578444,
        13923.831427808302,
        7205.700166636569,
        1562.88652384871,
        4.167696295391163,
        -826.7562012917848,
        106313.8067621285,
        38932.969862044905,
        165400.29136095903,
        82957.68598684858,
        18437464.672624607,
        1053970.8155873457,
        19239874.75017491,
        17657983.02633312
    ],
    "scale": [
        16267.029683127268,
        40169900.818100885,
        623.6676913673163,
        836.8273495916415,
        4522.795948060677,
        1848669.485385665,
        624.2610269345386,
        51.69087847262895,
        162.03120627597374,
        243.3663835150708,
        2948.365112418077,
        61.23683712054678,
        898.5904069438672,
        1303.3465657464149,
        21450362.011775747,
        171249.78001519077,
        5349335.295805143,
        10922497.493290786,
        35623379.02308318,
        3576462.3489274476,
        40175998.51119533,
        10508072.14927658,
        14654404.719138723,
        35708920.58575924,
        8621171.201435316,
        30237019.578333884,
        9071189.964661444,
        9271963.10525222,
        23091486.536233354,
        7893926.14093152,
        0.18390052360205122,
        1.0,
        0.0042875017171139,
        1.0,
        1136898.1688796557,
        1120090.627642962,
        158676.41636854733,
        39103.4707724938,
        22.460910470218998,
        2968.32502680126,
        430.7761526945559,
        938.0553080816,
        2599403.563736657,
        0.2539794564696285,
        0.18390052360205122,
        0.013152437785904527,
        0.4763229305179024,
        0.47675808554378324,
        0.2516063908994775,
        0.0042875017171139,
        0.013193467998366227,
        0.6643782689945139,
        472.2386096735195,
        162.03120627597374,
        898.5904069438725,
        1136898.1688796557,
        1.0,
        1.0,
        1.0,
        1.0,
        1.0,
        1.0,
        623.6676913673163,
        4522.795948060677,
        836.8273495916415,
        1848675.4198686176,
        13516.689536804188,
        7386.471396663876,
        448.9218893336453,
        578364.5639205436,
        703784.6835173167,
        393759.93715005775,
        1015300.1832374461,
        640660.8994080891,
        34839887.88609622,
        6917073.043060652,
        35732923.80777798,
        34664953.85047742
    ],
    "columns": [
        "dst_port",
        "flow_duration",
        "tot_fwd_pkts",
        "tot_bwd_pkts",
        "totlen_fwd_pkts",
        "totlen_bwd_pkts",
        "fwd_pkt_len_max",
        "fwd_pkt_len_min",
        "fwd_pkt_len_mean",
        "fwd_pkt_len_std",
        "bwd_pkt_len_max",
        "bwd_pkt_len_min",
        "bwd_pkt_len_mean",
        "bwd_pkt_len_std",
        "flow_byts_per_s",
        "flow_pkts_per_s",
        "flow_iat_mean",
        "flow_iat_std",
        "flow_iat_max",
        "flow_iat_min",
        "fwd_iat_tot",
        "fwd_iat_mean",
        "fwd_iat_std",
        "fwd_iat_max",
        "fwd_iat_min",
        "bwd_iat_tot",
        "bwd_iat_mean",
        "bwd_iat_std",
        "bwd_iat_max",
        "bwd_iat_min",
        "fwd_psh_flags",
        "bwd_psh_flags",
        "fwd_urg_flags",
        "bwd_urg_flags",
        "fwd_header_len",
        "bwd_header_len",
        "fwd_pkts_per_s",
        "bwd_pkts_per_s",
        "pkt_len_min",
        "pkt_len_max",
        "pkt_len_mean",
        "pkt_len_std",
        "pkt_len_var",
        "fin_flag_cnt",
        "syn_flag_cnt",
        "rst_flag_cnt",
        "psh_flag_cnt",
        "ack_flag_cnt",
        "urg_flag_cnt",
        "cwe_flag_count",
        "ece_flag_cnt",
        "down_up_ratio",
        "pkt_size_avg",
        "fwd_seg_size_avg",
        "bwd_seg_size_avg",
        "fwd_header_len_1",
        "fwd_byts_b_avg",
        "fwd_pkts_b_avg",
        "fwd_blk_rate_avg",
        "bwd_byts_b_avg",
        "bwd_pkts_b_avg",
        "bwd_blk_rate_avg",
        "subflow_fwd_pkts",
        "subflow_fwd_byts",
        "subflow_bwd_pkts",
        "subflow_bwd_byts",
        "init_fwd_win_byts",
        "init_bwd_win_byts",
        "fwd_act_data_pkts",
        "fwd_seg_size_min",
        "active_mean",
        "active_std",
        "active_max",
        "active_min",
        "idle_mean",
        "idle_std",
        "idle_max",
        "idle_min"
    ]
}