{
    "mean": [
        8690.590447548753,
        16591611.46395824,
        10.28174213086491,
        11.572803532849518,
        611.9476745062476,
        18144.40245152527,
        231.22917266675077,
        19.20348794310373,
        63.504965586922715,
        77.32347396932158,
        974.972585665333,
        43.15945069775523,
        340.622475714572,
        376.5452887181636,
        1410706.951183008,
        47291.88353395412,
        1446142.283581285,
        3278152.634147988,
        10299484.926105939,
        170421.36903551972,
        16251836.019270882,
        2919257.240483885,
        3668640.620037717,
        10142935.42347463,
        1135670.9307631948,
        11110247.474341061,
        2027734.2242642078,
        1668681.3625240661,
        5260619.41665298,
        1086111.2148692596,
        0.048668318524530726,
        0.0,
        3.173598201839259e-05,
        0.0,
        -29200.228899737307,
        -2555.2362791465243,
        40859.68844552249,
        6513.513456495332,
        16.832001612187888,
        1063.7501636386573,
        190.65477512142425,
        330.20063013570103,
        545776.0806561002,
        0.03209539201475088,
        0.048668318524530726,
        0.0002721360458077164,
        0.297608535075004,
        0.3118722721931706,
        0.10139289225078725,
        3.173598201839259e-05,
        0.00027332614513340617,
        0.7004476360263694,
        212.43577703345736,
        63.504965586922715,
        340.62247571458266,
        -29200.228899737307,
        0.0,
        0.0,
        0.0,
        0.0,
        0.0,
        0.0,
        10.28174213086491,
        611.9359075975148,
        11.572803532849518,
        18144.02055856915,
        7265.614201534593,
        2228.7253572083127,
        6.009477554330018,
        -3082.2332253516547,
        91578.47274648085,
        46191.76670341496,
        172017.09524206223,
        65463.5864734104,
        9337367.180643987,
        565794.1389711179,
        9763770.482253239,
        8892670.653692998
    ],
    "scale": [
        19012.796794001137,
        35232755.94190619,
        794.4199229567536,
        1056.921890473436,
        10588.264934433524,
        2398176.9193789572,
        756.375382100967,
        60.798324239192496,
        195.55253464958872,
        296.8813068784329,
        2038.3466083322282,
        70.87970663111373,
        632.5634489286556,
        881.0545336012286,
        26570835.527522955,
        202636.5258360457,
        4683195.5749119,
        8456751.851682354,
        25685363.703730706,
        3014303.376596297,
        35166375.72661959,
        10016392.43856526,
        10142073.25778047,
        25766493.98079737,
        9059496.200393172,
        30229229.22141866,
        9393384.288611392,
        6630313.611164982,
        18101681.071964674,
        8797212.87162651,
        0.21517368170044762,
        1.0,
        0.005633380410183384,
        1.0,
        22309618.263935354,
        1538899.153695879,
        193265.50932553792,
        38144.59553472251,
        25.584149889867227,
        2121.69225803153,
        318.3560997720861,
        660.8887319726294,
        1736477.846288113,
        0.17625344770009566,
        0.21517368170044762,
        0.0164943016760422,
        0.4572064029795669,
        0.46325798215491065,
        0.3018482626284396,
        0.005633380410183384,
        0.016530318749249595,
        0.69565988104386,
        345.50313317418636,
        195.55253464958872,
        632.5634489286758,
        22309618.263935354,
        1.0,
        1.0,
        1.0,
        1.0,
        1.0,
        1.0,
        794.4199229567536,
        10573.936424426796,
        1056.921890473436,
        2398144.3146489128,
        14597.946253037355,
        8924.399925061403,
        674.4149117783077,
        1149757.99011576,
        686650.1490684886,
        416584.3444728157,
        1085570.970762414,
        611158.3749357676,
        24848177.787497267,
        4874168.0251804665,
        25617453.34086194,
        24581428.003127653
    ],
    "columns": [
        "dst_port",
        "flow_duration",
        "tot_fwd_pkts",
        "tot_bwd_pkts",
        "totlen_fwd_pkts",
        "totlen_bwd_pkts",
        "fwd_pkt_len_max",
        "fwd_pkt_len_min",
        "fwd_pkt_len_mean",
        "fwd_pkt_len_std",
        "bwd_pkt_len_max",
        "bwd_pkt_len_min",
        "bwd_pkt_len_mean",
        "bwd_pkt_len_std",
        "flow_byts_per_s",
        "flow_pkts_per_s",
        "flow_iat_mean",
        "flow_iat_std",
        "flow_iat_max",
        "flow_iat_min",
        "fwd_iat_tot",
        "fwd_iat_mean",
        "fwd_iat_std",
        "fwd_iat_max",
        "fwd_iat_min",
        "bwd_iat_tot",
        "bwd_iat_mean",
        "bwd_iat_std",
        "bwd_iat_max",
        "bwd_iat_min",
        "fwd_psh_flags",
        "bwd_psh_flags",
        "fwd_urg_flags",
        "bwd_urg_flags",
        "fwd_header_len",
        "bwd_header_len",
        "fwd_pkts_per_s",
        "bwd_pkts_per_s",
        "pkt_len_min",
        "pkt_len_max",
        "pkt_len_mean",
        "pkt_len_std",
        "pkt_len_var",
        "fin_flag_cnt",
        "syn_flag_cnt",
        "rst_flag_cnt",
        "psh_flag_cnt",
        "ack_flag_cnt",
        "urg_flag_cnt",
        "cwe_flag_count",
        "ece_flag_cnt",
        "down_up_ratio",
        "pkt_size_avg",
        "fwd_seg_size_avg",
        "bwd_seg_size_avg",
        "fwd_header_len_1",
        "fwd_byts_b_avg",
        "fwd_pkts_b_avg",
        "fwd_blk_rate_avg",
        "bwd_byts_b_avg",
        "bwd_pkts_b_avg",
        "bwd_blk_rate_avg",
        "subflow_fwd_pkts",
        "subflow_fwd_byts",
        "subflow_bwd_pkts",
        "subflow_bwd_byts",
        "init_fwd_win_byts",
        "init_bwd_win_byts",
        "fwd_act_data_pkts",
        "fwd_seg_size_min",
        "active_mean",
        "active_std",
        "active_max",
        "active_min",
        "idle_mean",
        "idle_std",
        "idle_max",
        "idle_min"
    ]
}