{
    "mean": [
        37346.712006778376,
        9731.959694973193,
        13620605.810746059,
        11.80369012315019,
        18.58498531839364,
        3353.346369041532,
        41263.6749740698,
        425.77986355601655,
        22.373833140987248,
        152.94321742069093,
        161.627112790088,
        1597.704366499642,
        25.98677924999635,
        329.59046894879043,
        382.3824922300045,
        332960.52333709947,
        10559.019227394889,
        539728.2211259225,
        1403094.4886752884,
        5426954.664308581,
        37450.87547751183,
        13072299.389425244,
        1154264.511640306,
        1888377.5018860886,
        5182039.308385539,
        92556.34549506853,
        12648075.831154224,
        866590.7161815945,
        1668831.2450613647,
        5099560.14319314,
        34918.939885761036,
        0.11106890859421793,
        228.0957737425679,
        361.18644909646036,
        5131.164672965576,
        5429.27265403055,
        21.261449461674435,
        1828.4225088747023,
        253.755401153985,
        411.9109533929617,
        1133276.4069374166,
        0.03542576658437176,
        0.19717178209866623,
        0.0006427767957576731,
        0.11106890859421793,
        0.300819540414591,
        1.6324339327713906,
        283.0911785138027,
        152.94321742069093,
        329.59046894881965,
        11.802945086409654,
        3353.321987348984,
        18.58476618994054,
        41274.74280163032,
        -0.9996055687844214,
        28231.760185820927,
        3.889807605218179,
        188689.86840921702,
        143341.7596068161,
        397903.3781518873,
        85598.7371281191,
        4506859.982686693,
        603862.6115687275,
        5064819.797467618,
        3973331.304831413
    ],
    "scale": [
        20312.30727188425,
        19348.249774753887,
        33594870.06122683,
        112.68761519933597,
        235.89841020387226,
        156065.5550706245,
        767842.9197668084,
        1425.0941231918473,
        67.33579223378364,
        577.3729747613252,
        718.3056416816275,
        6226.273214754933,
        41.47988631225925,
        721.665818222355,
        1039.1779752211737,
        1452615.943973802,
        123695.30887359574,
        1880220.2820573798,
        4113839.9585044743,
        14498598.125246653,
        959193.4456517214,
        33333349.448544532,
        4070476.25250477,
        6004747.832442823,
        14373739.352485748,
        1525972.086455224,
        32652119.498686828,
        2914265.8614481776,
        5185940.566192097,
        14223199.08908796,
        940685.82706269,
        0.31421745040323146,
        2547.895055915758,
        4864.448080602964,
        61673.68161642927,
        62107.748018275095,
        27.037024863460978,
        6316.248184654446,
        484.8593961701454,
        981.6221810486361,
        12292405.327123256,
        0.18485340582818963,
        0.3978631302881712,
        0.02534489364247774,
        0.31421745040323146,
        0.4586143745232429,
        1.21538853923688,
        510.0170302057722,
        577.3729747613252,
        721.6658182225091,
        112.68767567131486,
        156023.14725780595,
        235.8984267553889,
        768856.9600230017,
        0.01985637528842436,
        31713.815313166044,
        57.06988205359035,
        1372705.9852760525,
        1105390.3658640257,
        2467280.8821620066,
        1027211.2553098057,
        13143750.036609037,
        3485465.042871368,
        14478266.13656113,
        12460688.664379828
    ],
    "columns": [
        "src_port",
        "dst_port",
        "flow_duration",
        "tot_fwd_pkts",
        "tot_bwd_pkts",
        "totlen_fwd_pkts",
        "totlen_bwd_pkts",
        "fwd_pkt_len_max",
        "fwd_pkt_len_min",
        "fwd_pkt_len_mean",
        "fwd_pkt_len_std",
        "bwd_pkt_len_max",
        "bwd_pkt_len_min",
        "bwd_pkt_len_mean",
        "bwd_pkt_len_std",
        "flow_byts/s",
        "flow_pkts/s",
        "flow_iat_mean",
        "flow_iat_std",
        "flow_iat_max",
        "flow_iat_min",
        "fwd_iat_tot",
        "fwd_iat_mean",
        "fwd_iat_std",
        "fwd_iat_max",
        "fwd_iat_min",
        "bwd_iat_tot",
        "bwd_iat_mean",
        "bwd_iat_std",
        "bwd_iat_max",
        "bwd_iat_min",
        "bwd_psh_flags",
        "fwd_header_len",
        "bwd_header_len",
        "fwd_pkts/s",
        "bwd_pkts/s",
        "pkt_len_min",
        "pkt_len_max",
        "pkt_len_mean",
        "pkt_len_std",
        "pkt_len_var",
        "fin_flag_cnt",
        "syn_flag_cnt",
        "rst_flag_cnt",
        "psh_flag_cnt",
        "ack_flag_cnt",
        "down/up_ratio",
        "pkt_size_avg",
        "fwd_seg_size_avg",
        "bwd_seg_size_avg",
        "subflow_fwd_pkts",
        "subflow_fwd_byts",
        "subflow_bwd_pkts",
        "subflow_bwd_byts",
        "init_fwd_win_byts",
        "init_bwd_win_byts",
        "fwd_act_data_pkts",
        "active_mean",
        "active_std",
        "active_max",
        "active_min",
        "idle_mean",
        "idle_std",
        "idle_max",
        "idle_min"
    ]
}