{
    "mean": [
        36950.662246973785,
        9677.75260781117,
        13729549.548816206,
        11.791663660890768,
        18.36657961939663,
        3317.3516902079036,
        40753.241693237724,
        421.5115782487628,
        22.777250364300038,
        151.85333328574592,
        159.76340519205743,
        1578.2956384989395,
        26.034323556145488,
        325.8797069866479,
        377.6489841528834,
        329192.96110665123,
        10434.528583111343,
        544378.3993113224,
        1427981.164588492,
        5568847.28388717,
        36991.038720234785,
        13187903.432077097,
        1152088.9727868303,
        1908392.4555337736,
        5326959.752845922,
        91414.62790710891,
        12491505.45901805,
        855863.2005710305,
        1648172.804002043,
        5036432.752117269,
        34486.693771551414,
        0.10969398796727792,
        226.30497323657139,
        356.80235460460824,
        5072.323211851685,
        5363.605916224089,
        21.678636868606716,
        1806.7909278469508,
        251.38049257378879,
        406.94352061529895,
        1119250.8767825929,
        0.03498723146398119,
        0.19473099508014602,
        0.0006348198698619266,
        0.10969398796727792,
        0.2970956990953817,
        1.612226053584568,
        280.42496313126446,
        151.85333328574592,
        325.87970698667675,
        11.787999018914746,
        3316.7509774783225,
        18.365584106418893,
        40764.172512299636,
        -0.9981099681147293,
        27882.268701937643,
        3.9707550028134064,
        199377.6250148271,
        148675.5502382794,
        411332.8018807359,
        92528.26348134763,
        4584357.873393084,
        693179.3449931244,
        5207101.411878629,
        3989327.6686385632
    ],
    "scale": [
        20493.819286771683,
        19234.216089865407,
        33672320.8005366,
        111.99594635593962,
        234.44189048383532,
        155096.91887840827,
        763089.1812628768,
        1416.7759299858853,
        67.38955788645526,
        573.9138632434697,
        714.0413063617312,
        6190.0439397524015,
        41.2461350962138,
        717.9518911027603,
        1033.5910764094178,
        1444045.3524350573,
        122932.54557431478,
        1877393.459920966,
        4144502.4487279416,
        14807528.114421377,
        953246.8864824248,
        33416164.58767391,
        4049658.6852509636,
        6006466.3657398885,
        14689178.626882898,
        1516531.9705524147,
        32479512.233173445,
        2897756.499612362,
        5157044.502529295,
        14146132.600345017,
        934853.2994005324,
        0.3125079470527311,
        2532.1498442284865,
        4834.404457638456,
        61293.246479952155,
        61724.947574757345,
        28.039694469150724,
        6280.008858526118,
        482.3674029305785,
        976.5369802013333,
        12216726.980811397,
        0.18374744922982467,
        0.39599347802109336,
        0.02518763334644117,
        0.3125079470527311,
        0.45697904183278265,
        1.2212547278763917,
        507.45687978233076,
        573.9138632434697,
        717.9518911029134,
        111.99624569233609,
        155054.7846520157,
        234.4419653640964,
        764096.9149180471,
        0.04343339342882843,
        31671.132575183976,
        56.7365851158822,
        1385893.6509972247,
        1111245.7053844063,
        2475748.331612421,
        1035735.1578253435,
        13249449.840756834,
        3933443.7593998415,
        14792658.118018052,
        12460002.043349812
    ],
    "columns": [
        "src_port",
        "dst_port",
        "flow_duration",
        "tot_fwd_pkts",
        "tot_bwd_pkts",
        "totlen_fwd_pkts",
        "totlen_bwd_pkts",
        "fwd_pkt_len_max",
        "fwd_pkt_len_min",
        "fwd_pkt_len_mean",
        "fwd_pkt_len_std",
        "bwd_pkt_len_max",
        "bwd_pkt_len_min",
        "bwd_pkt_len_mean",
        "bwd_pkt_len_std",
        "flow_byts/s",
        "flow_pkts/s",
        "flow_iat_mean",
        "flow_iat_std",
        "flow_iat_max",
        "flow_iat_min",
        "fwd_iat_tot",
        "fwd_iat_mean",
        "fwd_iat_std",
        "fwd_iat_max",
        "fwd_iat_min",
        "bwd_iat_tot",
        "bwd_iat_mean",
        "bwd_iat_std",
        "bwd_iat_max",
        "bwd_iat_min",
        "bwd_psh_flags",
        "fwd_header_len",
        "bwd_header_len",
        "fwd_pkts/s",
        "bwd_pkts/s",
        "pkt_len_min",
        "pkt_len_max",
        "pkt_len_mean",
        "pkt_len_std",
        "pkt_len_var",
        "fin_flag_cnt",
        "syn_flag_cnt",
        "rst_flag_cnt",
        "psh_flag_cnt",
        "ack_flag_cnt",
        "down/up_ratio",
        "pkt_size_avg",
        "fwd_seg_size_avg",
        "bwd_seg_size_avg",
        "subflow_fwd_pkts",
        "subflow_fwd_byts",
        "subflow_bwd_pkts",
        "subflow_bwd_byts",
        "init_fwd_win_byts",
        "init_bwd_win_byts",
        "fwd_act_data_pkts",
        "active_mean",
        "active_std",
        "active_max",
        "active_min",
        "idle_mean",
        "idle_std",
        "idle_max",
        "idle_min"
    ]
}